year.range,date,month,site,precip.mean,tmean,tmax,,,,,,,,,,,,,,,,,,,UpperLimahuli
2017_2018,2017_10,10,BlueHole,998,196,,,,,,,,,,,,,,,,,,,,308
2017_2018,2017_11,11,BlueHole,842,184,,,,,,,,,,,,,,,,,,,,390
2017_2018,2017_12,12,BlueHole,200,163,,,,,,,,,,,,,,,,,,,,206
2017_2018,2018_01,1,BlueHole,485,170,,,,,,,,,,,,,,,,,,,,108
2017_2018,2018_02,2,BlueHole,1275,164,,,,,,,,,,,,,,,,,,,,529
2017_2018,2018_03,3,BlueHole,1545,166,,,,,,,,,,,,,,,,,,,,303
2017_2018,2018_04,4,BlueHole,1476,177,,,,,,,,,,,,,,,,,,,,1134
2017_2018,2018_05,5,BlueHole,570,181,,,,,,,,,,,,,,,,,,,,263
2017_2018,2018_06,6,BlueHole,932,195,,,,,,,,,,,,,,,,,,,,283
2017_2018,2018_07,7,BlueHole,956,203,,,,,,,,,,,,,,,,,,,,284
2017_2018,2018_08,8,BlueHole,1663,206,,,,,,,,,,,,,,,,,,,,769
2017_2018,2018_09,9,BlueHole,637,203,,,,,,,,,,,,,,,,,,,,424
2018_2019,2018_10,10,BlueHole,572,200,,,,,,,,,,,,,,,,,,,,191
2018_2019,2018_11,11,BlueHole,718,187,,,,,,,,,,,,,,,,,,,,429
2018_2019,2018_12,12,BlueHole,787,174,,,,,,,,,,,,,,,,,,,,388
2018_2019,2019_01,1,BlueHole,189,170,,,,,,,,,,,,,,,,,,,,111
2018_2019,2019_02,2,BlueHole,834,158,,,,,,,,,,,,,,,,,,,,553
2018_2019,2019_03,3,BlueHole,504,164,,,,,,,,,,,,,,,,,,,,251
2018_2019,2019_04,4,BlueHole,553,183,,,,,,,,,,,,,,,,,,,,294
2018_2019,2019_05,5,BlueHole,366,192,,,,,,,,,,,,,,,,,,,,125
2018_2019,2019_06,6,BlueHole,949,204,,,,,,,,,,,,,,,,,,,,127
2018_2019,2019_07,7,BlueHole,642,211,,,,,,,,,,,,,,,,,,,,155
2018_2019,2019_08,8,BlueHole,549,215,,,,,,,,,,,,,,,,,,,,182
2018_2019,2019_09,9,BlueHole,919,214,,,,,,,,,,,,,,,,,,,,261
2019_2020,2019_10,10,BlueHole,719,206,,,,,,,,,,,,,,,,,,,,237
2019_2020,2019_11,11,BlueHole,835,199,,,,,,,,,,,,,,,,,,,,405
2019_2020,2019_12,12,BlueHole,1330,189,,,,,,,,,,,,,,,,,,,,443
2019_2020,2020_01,1,BlueHole,404,180,,,,,,,,,,,,,,,,,,,,206
2019_2020,2020_02,2,BlueHole,744,171,,,,,,,,,,,,,,,,,,,,373
2019_2020,2020_03,3,BlueHole,2225,175,,,,,,,,,,,,,,,,,,,,1096
2019_2020,2020_04,4,BlueHole,478,183,,,,,,,,,,,,,,,,,,,,161
2019_2020,2020_05,5,BlueHole,426,191,,,,,,,,,,,,,,,,,,,,146
2019_2020,2020_06,6,BlueHole,492,199,,,,,,,,,,,,,,,,,,,,96
2019_2020,2020_07,7,BlueHole,1773,203,,,,,,,,,,,,,,,,,,,,537
2019_2020,2020_08,8,BlueHole,499,205,,,,,,,,,,,,,,,,,,,,154
2019_2020,2020_09,9,BlueHole,430,205,,,,,,,,,,,,,,,,,,,,97
2020_2021,2020_10,10,BlueHole,301,199,,,,,,,,,,,,,,,,,,,,121
2020_2021,2020_11,11,BlueHole,1165,193,,,,,,,,,,,,,,,,,,,,384
2020_2021,2020_12,12,BlueHole,351,188,,,,,,,,,,,,,,,,,,,,150
2020_2021,2021_01,1,BlueHole,661,182,,,,,,,,,,,,,,,,,,,,329
2020_2021,2021_02,2,BlueHole,674,173,,,,,,,,,,,,,,,,,,,,350
2020_2021,2021_03,3,BlueHole,2676,174,,,,,,,,,,,,,,,,,,,,1319
2020_2021,2021_04,4,BlueHole,381,178,,,,,,,,,,,,,,,,,,,,122
2020_2021,2021_05,5,BlueHole,528,193,,,,,,,,,,,,,,,,,,,,139
2020_2021,2021_06,6,BlueHole,515,199,,,,,,,,,,,,,,,,,,,,156
2020_2021,2021_07,7,BlueHole,903,208,,,,,,,,,,,,,,,,,,,,259
2020_2021,2021_08,8,BlueHole,590,206,,,,,,,,,,,,,,,,,,,,183
2020_2021,2021_09,9,BlueHole,496,206,,,,,,,,,,,,,,,,,,,,125
2017_2018,2017_10,10,HaupuSummit ,228,215,,,,,,,,,,,,,,,,,,,,
2017_2018,2017_11,11,HaupuSummit ,140,201,,,,,,,,,,,,,,,,,,,,
2017_2018,2017_12,12,HaupuSummit ,58,180,,,,,,,,,,,,,,,,,,,,
2017_2018,2018_01,1,HaupuSummit ,57,189,,,,,,,,,,,,,,,,,,,,
2017_2018,2018_02,2,HaupuSummit ,311,183,,,,,,,,,,,,,,,,,,,,
2017_2018,2018_03,3,HaupuSummit ,266,184,,,,,,,,,,,,,,,,,,,,
2017_2018,2018_04,4,HaupuSummit ,352,196,,,,,,,,,,,,,,,,,,,,
2017_2018,2018_05,5,HaupuSummit ,99,200,,,,,,,,,,,,,,,,,,,,
2017_2018,2018_06,6,HaupuSummit ,123,215,,,,,,,,,,,,,,,,,,,,
2017_2018,2018_07,7,HaupuSummit ,103,224,,,,,,,,,,,,,,,,,,,,
2017_2018,2018_08,8,HaupuSummit ,356,226,,,,,,,,,,,,,,,,,,,,
2017_2018,2018_09,9,HaupuSummit ,214,222,,,,,,,,,,,,,,,,,,,,
2018_2019,2018_10,10,HaupuSummit ,198,220,,,,,,,,,,,,,,,,,,,,
2018_2019,2018_11,11,HaupuSummit ,121,207,,,,,,,,,,,,,,,,,,,,
2018_2019,2018_12,12,HaupuSummit ,188,194,,,,,,,,,,,,,,,,,,,,
2018_2019,2019_01,1,HaupuSummit ,18,189,,,,,,,,,,,,,,,,,,,,
2018_2019,2019_02,2,HaupuSummit ,125,176,,,,,,,,,,,,,,,,,,,,
2018_2019,2019_03,3,HaupuSummit ,60,183,,,,,,,,,,,,,,,,,,,,
2018_2019,2019_04,4,HaupuSummit ,93,202,,,,,,,,,,,,,,,,,,,,
2018_2019,2019_05,5,HaupuSummit ,56,211,,,,,,,,,,,,,,,,,,,,
2018_2019,2019_06,6,HaupuSummit ,155,224,,,,,,,,,,,,,,,,,,,,
2018_2019,2019_07,7,HaupuSummit ,67,230,,,,,,,,,,,,,,,,,,,,
2018_2019,2019_08,8,HaupuSummit ,79,234,,,,,,,,,,,,,,,,,,,,
2018_2019,2019_09,9,HaupuSummit ,161,235,,,,,,,,,,,,,,,,,,,,
2019_2020,2019_10,10,HaupuSummit ,157,225,,,,,,,,,,,,,,,,,,,,
2019_2020,2019_11,11,HaupuSummit ,151,218,,,,,,,,,,,,,,,,,,,,
2019_2020,2019_12,12,HaupuSummit ,289,208,,,,,,,,,,,,,,,,,,,,
2019_2020,2020_01,1,HaupuSummit ,89,199,,,,,,,,,,,,,,,,,,,,
2019_2020,2020_02,2,HaupuSummit ,88,190,,,,,,,,,,,,,,,,,,,,
2019_2020,2020_03,3,HaupuSummit ,456,194,,,,,,,,,,,,,,,,,,,,
2019_2020,2020_04,4,HaupuSummit ,92,202,,,,,,,,,,,,,,,,,,,,
2019_2020,2020_05,5,HaupuSummit ,63,210,,,,,,,,,,,,,,,,,,,,
2019_2020,2020_06,6,HaupuSummit ,55,220,,,,,,,,,,,,,,,,,,,,
2019_2020,2020_07,7,HaupuSummit ,218,223,,,,,,,,,,,,,,,,,,,,
2019_2020,2020_08,8,HaupuSummit ,69,227,,,,,,,,,,,,,,,,,,,,
2019_2020,2020_09,9,HaupuSummit ,67,226,,,,,,,,,,,,,,,,,,,,
2020_2021,2020_10,10,HaupuSummit ,113,219,,,,,,,,,,,,,,,,,,,,
2020_2021,2020_11,11,HaupuSummit ,236,213,,,,,,,,,,,,,,,,,,,,
2020_2021,2020_12,12,HaupuSummit ,85,206,,,,,,,,,,,,,,,,,,,,
2020_2021,2021_01,1,HaupuSummit ,94,200,,,,,,,,,,,,,,,,,,,,
2020_2021,2021_02,2,HaupuSummit ,150,192,,,,,,,,,,,,,,,,,,,,
2020_2021,2021_03,3,HaupuSummit ,549,193,,,,,,,,,,,,,,,,,,,,
2020_2021,2021_04,4,HaupuSummit ,77,196,,,,,,,,,,,,,,,,,,,,
2020_2021,2021_05,5,HaupuSummit ,63,211,,,,,,,,,,,,,,,,,,,,
2020_2021,2021_06,6,HaupuSummit ,73,217,,,,,,,,,,,,,,,,,,,,
2020_2021,2021_07,7,HaupuSummit ,144,226,,,,,,,,,,,,,,,,,,,,
2020_2021,2021_08,8,HaupuSummit ,82,225,,,,,,,,,,,,,,,,,,,,
2020_2021,2021_09,9,HaupuSummit ,85,224,,,,,,,,,,,,,,,,,,,,
2017_2018,2017_10,10,Kanaele,454,209,,,,,,,,,,,,,,,,,,,,
2017_2018,2017_11,11,Kanaele,313,196,,,,,,,,,,,,,,,,,,,,
2017_2018,2017_12,12,Kanaele,98,174,,,,,,,,,,,,,,,,,,,,
2017_2018,2018_01,1,Kanaele,114,183,,,,,,,,,,,,,,,,,,,,
2017_2018,2018_02,2,Kanaele,553,177,,,,,,,,,,,,,,,,,,,,
2017_2018,2018_03,3,Kanaele,521,178,,,,,,,,,,,,,,,,,,,,
2017_2018,2018_04,4,Kanaele,528,190,,,,,,,,,,,,,,,,,,,,
2017_2018,2018_05,5,Kanaele,259,194,,,,,,,,,,,,,,,,,,,,
2017_2018,2018_06,6,Kanaele,482,209,,,,,,,,,,,,,,,,,,,,
2017_2018,2018_07,7,Kanaele,320,217,,,,,,,,,,,,,,,,,,,,
2017_2018,2018_08,8,Kanaele,946,220,,,,,,,,,,,,,,,,,,,,
2017_2018,2018_09,9,Kanaele,444,216,,,,,,,,,,,,,,,,,,,,
2018_2019,2018_10,10,Kanaele,263,214,,,,,,,,,,,,,,,,,,,,
2018_2019,2018_11,11,Kanaele,274,201,,,,,,,,,,,,,,,,,,,,
2018_2019,2018_12,12,Kanaele,339,188,,,,,,,,,,,,,,,,,,,,
2018_2019,2019_01,1,Kanaele,43,183,,,,,,,,,,,,,,,,,,,,
2018_2019,2019_02,2,Kanaele,255,170,,,,,,,,,,,,,,,,,,,,
2018_2019,2019_03,3,Kanaele,155,177,,,,,,,,,,,,,,,,,,,,
2018_2019,2019_04,4,Kanaele,206,196,,,,,,,,,,,,,,,,,,,,
2018_2019,2019_05,5,Kanaele,164,205,,,,,,,,,,,,,,,,,,,,
2018_2019,2019_06,6,Kanaele,593,217,,,,,,,,,,,,,,,,,,,,
2018_2019,2019_07,7,Kanaele,220,224,,,,,,,,,,,,,,,,,,,,
2018_2019,2019_08,8,Kanaele,203,228,,,,,,,,,,,,,,,,,,,,
2018_2019,2019_09,9,Kanaele,487,228,,,,,,,,,,,,,,,,,,,,
2019_2020,2019_10,10,Kanaele,350,219,,,,,,,,,,,,,,,,,,,,
2019_2020,2019_11,11,Kanaele,306,212,,,,,,,,,,,,,,,,,,,,
2019_2020,2019_12,12,Kanaele,609,202,,,,,,,,,,,,,,,,,,,,
2019_2020,2020_01,1,Kanaele,212,193,,,,,,,,,,,,,,,,,,,,
2019_2020,2020_02,2,Kanaele,190,184,,,,,,,,,,,,,,,,,,,,
2019_2020,2020_03,3,Kanaele,1006,188,,,,,,,,,,,,,,,,,,,,
2019_2020,2020_04,4,Kanaele,200,196,,,,,,,,,,,,,,,,,,,,
2019_2020,2020_05,5,Kanaele,166,204,,,,,,,,,,,,,,,,,,,,
2019_2020,2020_06,6,Kanaele,196,214,,,,,,,,,,,,,,,,,,,,
2019_2020,2020_07,7,Kanaele,711,217,,,,,,,,,,,,,,,,,,,,
2019_2020,2020_08,8,Kanaele,192,220,,,,,,,,,,,,,,,,,,,,
2019_2020,2020_09,9,Kanaele,175,220,,,,,,,,,,,,,,,,,,,,
2020_2021,2020_10,10,Kanaele,193,213,,,,,,,,,,,,,,,,,,,,
2020_2021,2020_11,11,Kanaele,494,207,,,,,,,,,,,,,,,,,,,,
2020_2021,2020_12,12,Kanaele,163,201,,,,,,,,,,,,,,,,,,,,
2020_2021,2021_01,1,Kanaele,180,195,,,,,,,,,,,,,,,,,,,,
2020_2021,2021_02,2,Kanaele,283,186,,,,,,,,,,,,,,,,,,,,
2020_2021,2021_03,3,Kanaele,1210,187,,,,,,,,,,,,,,,,,,,,
2020_2021,2021_04,4,Kanaele,146,191,,,,,,,,,,,,,,,,,,,,
2020_2021,2021_05,5,Kanaele,163,206,,,,,,,,,,,,,,,,,,,,
2020_2021,2021_06,6,Kanaele,261,211,,,,,,,,,,,,,,,,,,,,
2020_2021,2021_07,7,Kanaele,410,220,,,,,,,,,,,,,,,,,,,,
2020_2021,2021_08,8,Kanaele,228,219,,,,,,,,,,,,,,,,,,,,
2020_2021,2021_09,9,Kanaele,230,218,,,,,,,,,,,,,,,,,,,,
2017_2018,2017_10,10,Laauhihaihai,409,218,,,,,,,,,,,,,,,,,,,,
2017_2018,2017_11,11,Laauhihaihai,274,204,,,,,,,,,,,,,,,,,,,,
2017_2018,2017_12,12,Laauhihaihai,92,182,,,,,,,,,,,,,,,,,,,,
2017_2018,2018_01,1,Laauhihaihai,110,192,,,,,,,,,,,,,,,,,,,,
2017_2018,2018_02,2,Laauhihaihai,516,186,,,,,,,,,,,,,,,,,,,,
2017_2018,2018_03,3,Laauhihaihai,446,187,,,,,,,,,,,,,,,,,,,,
2017_2018,2018_04,4,Laauhihaihai,453,199,,,,,,,,,,,,,,,,,,,,
2017_2018,2018_05,5,Laauhihaihai,239,203,,,,,,,,,,,,,,,,,,,,
2017_2018,2018_06,6,Laauhihaihai,388,218,,,,,,,,,,,,,,,,,,,,
2017_2018,2018_07,7,Laauhihaihai,281,227,,,,,,,,,,,,,,,,,,,,
2017_2018,2018_08,8,Laauhihaihai,873,229,,,,,,,,,,,,,,,,,,,,
2017_2018,2018_09,9,Laauhihaihai,382,225,,,,,,,,,,,,,,,,,,,,
2018_2019,2018_10,10,Laauhihaihai,241,223,,,,,,,,,,,,,,,,,,,,
2018_2019,2018_11,11,Laauhihaihai,243,211,,,,,,,,,,,,,,,,,,,,
2018_2019,2018_12,12,Laauhihaihai,312,197,,,,,,,,,,,,,,,,,,,,
2018_2019,2019_01,1,Laauhihaihai,39,192,,,,,,,,,,,,,,,,,,,,
2018_2019,2019_02,2,Laauhihaihai,249,179,,,,,,,,,,,,,,,,,,,,
2018_2019,2019_03,3,Laauhihaihai,133,186,,,,,,,,,,,,,,,,,,,,
2018_2019,2019_04,4,Laauhihaihai,197,205,,,,,,,,,,,,,,,,,,,,
2018_2019,2019_05,5,Laauhihaihai,149,213,,,,,,,,,,,,,,,,,,,,
2018_2019,2019_06,6,Laauhihaihai,456,227,,,,,,,,,,,,,,,,,,,,
2018_2019,2019_07,7,Laauhihaihai,198,233,,,,,,,,,,,,,,,,,,,,
2018_2019,2019_08,8,Laauhihaihai,193,237,,,,,,,,,,,,,,,,,,,,
2018_2019,2019_09,9,Laauhihaihai,419,238,,,,,,,,,,,,,,,,,,,,
2019_2020,2019_10,10,Laauhihaihai,317,228,,,,,,,,,,,,,,,,,,,,
2019_2020,2019_11,11,Laauhihaihai,271,220,,,,,,,,,,,,,,,,,,,,
2019_2020,2019_12,12,Laauhihaihai,564,211,,,,,,,,,,,,,,,,,,,,
2019_2020,2020_01,1,Laauhihaihai,199,201,,,,,,,,,,,,,,,,,,,,
2019_2020,2020_02,2,Laauhihaihai,178,193,,,,,,,,,,,,,,,,,,,,
2019_2020,2020_03,3,Laauhihaihai,846,196,,,,,,,,,,,,,,,,,,,,
2019_2020,2020_04,4,Laauhihaihai,182,204,,,,,,,,,,,,,,,,,,,,
2019_2020,2020_05,5,Laauhihaihai,154,213,,,,,,,,,,,,,,,,,,,,
2019_2020,2020_06,6,Laauhihaihai,163,223,,,,,,,,,,,,,,,,,,,,
2019_2020,2020_07,7,Laauhihaihai,631,226,,,,,,,,,,,,,,,,,,,,
2019_2020,2020_08,8,Laauhihaihai,178,230,,,,,,,,,,,,,,,,,,,,
2019_2020,2020_09,9,Laauhihaihai,157,230,,,,,,,,,,,,,,,,,,,,
2020_2021,2020_10,10,Laauhihaihai,178,222,,,,,,,,,,,,,,,,,,,,
2020_2021,2020_11,11,Laauhihaihai,440,216,,,,,,,,,,,,,,,,,,,,
2020_2021,2020_12,12,Laauhihaihai,148,209,,,,,,,,,,,,,,,,,,,,
2020_2021,2021_01,1,Laauhihaihai,167,203,,,,,,,,,,,,,,,,,,,,
2020_2021,2021_02,2,Laauhihaihai,268,195,,,,,,,,,,,,,,,,,,,,
2020_2021,2021_03,3,Laauhihaihai,1018,196,,,,,,,,,,,,,,,,,,,,
2020_2021,2021_04,4,Laauhihaihai,136,199,,,,,,,,,,,,,,,,,,,,
2020_2021,2021_05,5,Laauhihaihai,154,214,,,,,,,,,,,,,,,,,,,,
2020_2021,2021_06,6,Laauhihaihai,219,220,,,,,,,,,,,,,,,,,,,,
2020_2021,2021_07,7,Laauhihaihai,362,229,,,,,,,,,,,,,,,,,,,,
2020_2021,2021_08,8,Laauhihaihai,211,227,,,,,,,,,,,,,,,,,,,,
2020_2021,2021_09,9,Laauhihaihai,202,227,,,,,,,,,,,,,,,,,,,,
2017_2018,2017_10,10,LowerHaupu,223,239,,,,,,,,,,,,,,,,,,,,
2017_2018,2017_11,11,LowerHaupu,137,223,,,,,,,,,,,,,,,,,,,,
2017_2018,2017_12,12,LowerHaupu,57,200,,,,,,,,,,,,,,,,,,,,
2017_2018,2018_01,1,LowerHaupu,56,212,,,,,,,,,,,,,,,,,,,,
2017_2018,2018_02,2,LowerHaupu,302,206,,,,,,,,,,,,,,,,,,,,
2017_2018,2018_03,3,LowerHaupu,263,206,,,,,,,,,,,,,,,,,,,,
2017_2018,2018_04,4,LowerHaupu,364,220,,,,,,,,,,,,,,,,,,,,
2017_2018,2018_05,5,LowerHaupu,98,224,,,,,,,,,,,,,,,,,,,,
2017_2018,2018_06,6,LowerHaupu,119,240,,,,,,,,,,,,,,,,,,,,
2017_2018,2018_07,7,LowerHaupu,101,249,,,,,,,,,,,,,,,,,,,,
2017_2018,2018_08,8,LowerHaupu,344,250,,,,,,,,,,,,,,,,,,,,
2017_2018,2018_09,9,LowerHaupu,210,246,,,,,,,,,,,,,,,,,,,,
2018_2019,2018_10,10,LowerHaupu,195,244,,,,,,,,,,,,,,,,,,,,
2018_2019,2018_11,11,LowerHaupu,121,233,,,,,,,,,,,,,,,,,,,,
2018_2019,2018_12,12,LowerHaupu,185,219,,,,,,,,,,,,,,,,,,,,
2018_2019,2019_01,1,LowerHaupu,19,213,,,,,,,,,,,,,,,,,,,,
2018_2019,2019_02,2,LowerHaupu,123,199,,,,,,,,,,,,,,,,,,,,
2018_2019,2019_03,3,LowerHaupu,62,206,,,,,,,,,,,,,,,,,,,,
2018_2019,2019_04,4,LowerHaupu,92,226,,,,,,,,,,,,,,,,,,,,
2018_2019,2019_05,5,LowerHaupu,59,234,,,,,,,,,,,,,,,,,,,,
2018_2019,2019_06,6,LowerHaupu,156,248,,,,,,,,,,,,,,,,,,,,
2018_2019,2019_07,7,LowerHaupu,68,255,,,,,,,,,,,,,,,,,,,,
2018_2019,2019_08,8,LowerHaupu,77,258,,,,,,,,,,,,,,,,,,,,
2018_2019,2019_09,9,LowerHaupu,155,261,,,,,,,,,,,,,,,,,,,,
2019_2020,2019_10,10,LowerHaupu,157,249,,,,,,,,,,,,,,,,,,,,
2019_2020,2019_11,11,LowerHaupu,152,240,,,,,,,,,,,,,,,,,,,,
2019_2020,2019_12,12,LowerHaupu,277,232,,,,,,,,,,,,,,,,,,,,
2019_2020,2020_01,1,LowerHaupu,87,221,,,,,,,,,,,,,,,,,,,,
2019_2020,2020_02,2,LowerHaupu,87,213,,,,,,,,,,,,,,,,,,,,
2019_2020,2020_03,3,LowerHaupu,445,216,,,,,,,,,,,,,,,,,,,,
2019_2020,2020_04,4,LowerHaupu,90,224,,,,,,,,,,,,,,,,,,,,
2019_2020,2020_05,5,LowerHaupu,61,233,,,,,,,,,,,,,,,,,,,,
2019_2020,2020_06,6,LowerHaupu,53,246,,,,,,,,,,,,,,,,,,,,
2019_2020,2020_07,7,LowerHaupu,209,249,,,,,,,,,,,,,,,,,,,,
2019_2020,2020_08,8,LowerHaupu,65,253,,,,,,,,,,,,,,,,,,,,
2019_2020,2020_09,9,LowerHaupu,65,253,,,,,,,,,,,,,,,,,,,,
2020_2021,2020_10,10,LowerHaupu,111,245,,,,,,,,,,,,,,,,,,,,
2020_2021,2020_11,11,LowerHaupu,231,237,,,,,,,,,,,,,,,,,,,,
2020_2021,2020_12,12,LowerHaupu,83,229,,,,,,,,,,,,,,,,,,,,
2020_2021,2021_01,1,LowerHaupu,93,223,,,,,,,,,,,,,,,,,,,,
2020_2021,2021_02,2,LowerHaupu,144,214,,,,,,,,,,,,,,,,,,,,
2020_2021,2021_03,3,LowerHaupu,536,215,,,,,,,,,,,,,,,,,,,,
2020_2021,2021_04,4,LowerHaupu,76,219,,,,,,,,,,,,,,,,,,,,
2020_2021,2021_05,5,LowerHaupu,58,233,,,,,,,,,,,,,,,,,,,,
2020_2021,2021_06,6,LowerHaupu,69,240,,,,,,,,,,,,,,,,,,,,
2020_2021,2021_07,7,LowerHaupu,138,248,,,,,,,,,,,,,,,,,,,,
2020_2021,2021_08,8,LowerHaupu,77,247,,,,,,,,,,,,,,,,,,,,
2020_2021,2021_09,9,LowerHaupu,83,246,,,,,,,,,,,,,,,,,,,,
2017_2018,2017_10,10,LowerLimahuli,255,247,,,,,,,,,,,,,,,,,,,,
2017_2018,2017_11,11,LowerLimahuli,304,231,,,,,,,,,,,,,,,,,,,,
2017_2018,2017_12,12,LowerLimahuli,148,207,,,,,,,,,,,,,,,,,,,,
2017_2018,2018_01,1,LowerLimahuli,89,220,,,,,,,,,,,,,,,,,,,,
2017_2018,2018_02,2,LowerLimahuli,477,214,,,,,,,,,,,,,,,,,,,,
2017_2018,2018_03,3,LowerLimahuli,238,214,,,,,,,,,,,,,,,,,,,,
2017_2018,2018_04,4,LowerLimahuli,1174,228,,,,,,,,,,,,,,,,,,,,
2017_2018,2018_05,5,LowerLimahuli,231,232,,,,,,,,,,,,,,,,,,,,
2017_2018,2018_06,6,LowerLimahuli,209,249,,,,,,,,,,,,,,,,,,,,
2017_2018,2018_07,7,LowerLimahuli,255,258,,,,,,,,,,,,,,,,,,,,
2017_2018,2018_08,8,LowerLimahuli,631,259,,,,,,,,,,,,,,,,,,,,
2017_2018,2018_09,9,LowerLimahuli,343,255,,,,,,,,,,,,,,,,,,,,
2018_2019,2018_10,10,LowerLimahuli,170,252,,,,,,,,,,,,,,,,,,,,
2018_2019,2018_11,11,LowerLimahuli,354,242,,,,,,,,,,,,,,,,,,,,
2018_2019,2018_12,12,LowerLimahuli,295,228,,,,,,,,,,,,,,,,,,,,
2018_2019,2019_01,1,LowerLimahuli,81,222,,,,,,,,,,,,,,,,,,,,
2018_2019,2019_02,2,LowerLimahuli,374,207,,,,,,,,,,,,,,,,,,,,
2018_2019,2019_03,3,LowerLimahuli,170,214,,,,,,,,,,,,,,,,,,,,
2018_2019,2019_04,4,LowerLimahuli,243,234,,,,,,,,,,,,,,,,,,,,
2018_2019,2019_05,5,LowerLimahuli,132,242,,,,,,,,,,,,,,,,,,,,
2018_2019,2019_06,6,LowerLimahuli,159,257,,,,,,,,,,,,,,,,,,,,
2018_2019,2019_07,7,LowerLimahuli,127,263,,,,,,,,,,,,,,,,,,,,
2018_2019,2019_08,8,LowerLimahuli,158,267,,,,,,,,,,,,,,,,,,,,
2018_2019,2019_09,9,LowerLimahuli,210,270,,,,,,,,,,,,,,,,,,,,
2019_2020,2019_10,10,LowerLimahuli,196,257,,,,,,,,,,,,,,,,,,,,
2019_2020,2019_11,11,LowerLimahuli,330,248,,,,,,,,,,,,,,,,,,,,
2019_2020,2019_12,12,LowerLimahuli,362,240,,,,,,,,,,,,,,,,,,,,
2019_2020,2020_01,1,LowerLimahuli,171,229,,,,,,,,,,,,,,,,,,,,
2019_2020,2020_02,2,LowerLimahuli,282,222,,,,,,,,,,,,,,,,,,,,
2019_2020,2020_03,3,LowerLimahuli,872,224,,,,,,,,,,,,,,,,,,,,
2019_2020,2020_04,4,LowerLimahuli,114,233,,,,,,,,,,,,,,,,,,,,
2019_2020,2020_05,5,LowerLimahuli,123,241,,,,,,,,,,,,,,,,,,,,
2019_2020,2020_06,6,LowerLimahuli,84,255,,,,,,,,,,,,,,,,,,,,
2019_2020,2020_07,7,LowerLimahuli,455,258,,,,,,,,,,,,,,,,,,,,
2019_2020,2020_08,8,LowerLimahuli,134,263,,,,,,,,,,,,,,,,,,,,
2019_2020,2020_09,9,LowerLimahuli,85,263,,,,,,,,,,,,,,,,,,,,
2020_2021,2020_10,10,LowerLimahuli,100,254,,,,,,,,,,,,,,,,,,,,
2020_2021,2020_11,11,LowerLimahuli,329,246,,,,,,,,,,,,,,,,,,,,
2020_2021,2020_12,12,LowerLimahuli,118,237,,,,,,,,,,,,,,,,,,,,
2020_2021,2021_01,1,LowerLimahuli,237,231,,,,,,,,,,,,,,,,,,,,
2020_2021,2021_02,2,LowerLimahuli,296,222,,,,,,,,,,,,,,,,,,,,
2020_2021,2021_03,3,LowerLimahuli,1049,223,,,,,,,,,,,,,,,,,,,,
2020_2021,2021_04,4,LowerLimahuli,87,227,,,,,,,,,,,,,,,,,,,,
2020_2021,2021_05,5,LowerLimahuli,108,241,,,,,,,,,,,,,,,,,,,,
2020_2021,2021_06,6,LowerLimahuli,134,248,,,,,,,,,,,,,,,,,,,,
2020_2021,2021_07,7,LowerLimahuli,234,255,,,,,,,,,,,,,,,,,,,,
2020_2021,2021_08,8,LowerLimahuli,159,255,,,,,,,,,,,,,,,,,,,,
2020_2021,2021_09,9,LowerLimahuli,106,254,,,,,,,,,,,,,,,,,,,,
2017_2018,2017_10,10,Makaleha,393,212,,,,,,,,,,,,,,,,,,,,
2017_2018,2017_11,11,Makaleha,276,199,,,,,,,,,,,,,,,,,,,,
2017_2018,2017_12,12,Makaleha,131,177,,,,,,,,,,,,,,,,,,,,
2017_2018,2018_01,1,Makaleha,139,187,,,,,,,,,,,,,,,,,,,,
2017_2018,2018_02,2,Makaleha,604,180,,,,,,,,,,,,,,,,,,,,
2017_2018,2018_03,3,Makaleha,714,182,,,,,,,,,,,,,,,,,,,,
2017_2018,2018_04,4,Makaleha,686,194,,,,,,,,,,,,,,,,,,,,
2017_2018,2018_05,5,Makaleha,171,197,,,,,,,,,,,,,,,,,,,,
2017_2018,2018_06,6,Makaleha,254,213,,,,,,,,,,,,,,,,,,,,
2017_2018,2018_07,7,Makaleha,286,221,,,,,,,,,,,,,,,,,,,,
2017_2018,2018_08,8,Makaleha,633,223,,,,,,,,,,,,,,,,,,,,
2017_2018,2018_09,9,Makaleha,275,220,,,,,,,,,,,,,,,,,,,,
2018_2019,2018_10,10,Makaleha,234,217,,,,,,,,,,,,,,,,,,,,
2018_2019,2018_11,11,Makaleha,288,205,,,,,,,,,,,,,,,,,,,,
2018_2019,2018_12,12,Makaleha,307,191,,,,,,,,,,,,,,,,,,,,
2018_2019,2019_01,1,Makaleha,100,187,,,,,,,,,,,,,,,,,,,,
2018_2019,2019_02,2,Makaleha,444,174,,,,,,,,,,,,,,,,,,,,
2018_2019,2019_03,3,Makaleha,165,181,,,,,,,,,,,,,,,,,,,,
2018_2019,2019_04,4,Makaleha,209,200,,,,,,,,,,,,,,,,,,,,
2018_2019,2019_05,5,Makaleha,122,208,,,,,,,,,,,,,,,,,,,,
2018_2019,2019_06,6,Makaleha,427,221,,,,,,,,,,,,,,,,,,,,
2018_2019,2019_07,7,Makaleha,221,228,,,,,,,,,,,,,,,,,,,,
2018_2019,2019_08,8,Makaleha,337,232,,,,,,,,,,,,,,,,,,,,
2018_2019,2019_09,9,Makaleha,248,232,,,,,,,,,,,,,,,,,,,,
2019_2020,2019_10,10,Makaleha,308,223,,,,,,,,,,,,,,,,,,,,
2019_2020,2019_11,11,Makaleha,361,215,,,,,,,,,,,,,,,,,,,,
2019_2020,2019_12,12,Makaleha,531,206,,,,,,,,,,,,,,,,,,,,
2019_2020,2020_01,1,Makaleha,194,196,,,,,,,,,,,,,,,,,,,,
2019_2020,2020_02,2,Makaleha,328,188,,,,,,,,,,,,,,,,,,,,
2019_2020,2020_03,3,Makaleha,848,191,,,,,,,,,,,,,,,,,,,,
2019_2020,2020_04,4,Makaleha,165,199,,,,,,,,,,,,,,,,,,,,
2019_2020,2020_05,5,Makaleha,169,207,,,,,,,,,,,,,,,,,,,,
2019_2020,2020_06,6,Makaleha,155,217,,,,,,,,,,,,,,,,,,,,
2019_2020,2020_07,7,Makaleha,536,221,,,,,,,,,,,,,,,,,,,,
2019_2020,2020_08,8,Makaleha,166,224,,,,,,,,,,,,,,,,,,,,
2019_2020,2020_09,9,Makaleha,183,223,,,,,,,,,,,,,,,,,,,,
2020_2021,2020_10,10,Makaleha,127,217,,,,,,,,,,,,,,,,,,,,
2020_2021,2020_11,11,Makaleha,441,210,,,,,,,,,,,,,,,,,,,,
2020_2021,2020_12,12,Makaleha,146,204,,,,,,,,,,,,,,,,,,,,
2020_2021,2021_01,1,Makaleha,207,198,,,,,,,,,,,,,,,,,,,,
2020_2021,2021_02,2,Makaleha,285,189,,,,,,,,,,,,,,,,,,,,
2020_2021,2021_03,3,Makaleha,1020,190,,,,,,,,,,,,,,,,,,,,
2020_2021,2021_04,4,Makaleha,134,194,,,,,,,,,,,,,,,,,,,,
2020_2021,2021_05,5,Makaleha,145,209,,,,,,,,,,,,,,,,,,,,
2020_2021,2021_06,6,Makaleha,126,215,,,,,,,,,,,,,,,,,,,,
2020_2021,2021_07,7,Makaleha,311,224,,,,,,,,,,,,,,,,,,,,
2020_2021,2021_08,8,Makaleha,197,222,,,,,,,,,,,,,,,,,,,,
2020_2021,2021_09,9,Makaleha,182,222,,,,,,,,,,,,,,,,,,,,
2017_2018,2017_10,10,McBryde,175,252,,,,,,,,,,,,,,,,,,,,
2017_2018,2017_11,11,McBryde,117,236,,,,,,,,,,,,,,,,,,,,
2017_2018,2017_12,12,McBryde,45,212,,,,,,,,,,,,,,,,,,,,
2017_2018,2018_01,1,McBryde,75,225,,,,,,,,,,,,,,,,,,,,
2017_2018,2018_02,2,McBryde,263,219,,,,,,,,,,,,,,,,,,,,
2017_2018,2018_03,3,McBryde,176,219,,,,,,,,,,,,,,,,,,,,
2017_2018,2018_04,4,McBryde,202,233,,,,,,,,,,,,,,,,,,,,
2017_2018,2018_05,5,McBryde,129,237,,,,,,,,,,,,,,,,,,,,
2017_2018,2018_06,6,McBryde,106,255,,,,,,,,,,,,,,,,,,,,
2017_2018,2018_07,7,McBryde,83,263,,,,,,,,,,,,,,,,,,,,
2017_2018,2018_08,8,McBryde,324,265,,,,,,,,,,,,,,,,,,,,
2017_2018,2018_09,9,McBryde,183,260,,,,,,,,,,,,,,,,,,,,
2018_2019,2018_10,10,McBryde,115,258,,,,,,,,,,,,,,,,,,,,
2018_2019,2018_11,11,McBryde,90,248,,,,,,,,,,,,,,,,,,,,
2018_2019,2018_12,12,McBryde,179,234,,,,,,,,,,,,,,,,,,,,
2018_2019,2019_01,1,McBryde,23,227,,,,,,,,,,,,,,,,,,,,
2018_2019,2019_02,2,McBryde,98,212,,,,,,,,,,,,,,,,,,,,
2018_2019,2019_03,3,McBryde,54,219,,,,,,,,,,,,,,,,,,,,
2018_2019,2019_04,4,McBryde,105,239,,,,,,,,,,,,,,,,,,,,
2018_2019,2019_05,5,McBryde,43,247,,,,,,,,,,,,,,,,,,,,
2018_2019,2019_06,6,McBryde,180,262,,,,,,,,,,,,,,,,,,,,
2018_2019,2019_07,7,McBryde,65,269,,,,,,,,,,,,,,,,,,,,
2018_2019,2019_08,8,McBryde,63,272,,,,,,,,,,,,,,,,,,,,
2018_2019,2019_09,9,McBryde,146,275,,,,,,,,,,,,,,,,,,,,
2019_2020,2019_10,10,McBryde,140,262,,,,,,,,,,,,,,,,,,,,
2019_2020,2019_11,11,McBryde,102,253,,,,,,,,,,,,,,,,,,,,
2019_2020,2019_12,12,McBryde,273,245,,,,,,,,,,,,,,,,,,,,
2019_2020,2020_01,1,McBryde,89,234,,,,,,,,,,,,,,,,,,,,
2019_2020,2020_02,2,McBryde,66,227,,,,,,,,,,,,,,,,,,,,
2019_2020,2020_03,3,McBryde,356,229,,,,,,,,,,,,,,,,,,,,
2019_2020,2020_04,4,McBryde,82,238,,,,,,,,,,,,,,,,,,,,
2019_2020,2020_05,5,McBryde,52,246,,,,,,,,,,,,,,,,,,,,
2019_2020,2020_06,6,McBryde,41,261,,,,,,,,,,,,,,,,,,,,
2019_2020,2020_07,7,McBryde,186,263,,,,,,,,,,,,,,,,,,,,
2019_2020,2020_08,8,McBryde,56,269,,,,,,,,,,,,,,,,,,,,
2019_2020,2020_09,9,McBryde,48,269,,,,,,,,,,,,,,,,,,,,
2020_2021,2020_10,10,McBryde,80,259,,,,,,,,,,,,,,,,,,,,
2020_2021,2020_11,11,McBryde,186,251,,,,,,,,,,,,,,,,,,,,
2020_2021,2020_12,12,McBryde,72,242,,,,,,,,,,,,,,,,,,,,
2020_2021,2021_01,1,McBryde,58,236,,,,,,,,,,,,,,,,,,,,
2020_2021,2021_02,2,McBryde,127,227,,,,,,,,,,,,,,,,,,,,
2020_2021,2021_03,3,McBryde,429,228,,,,,,,,,,,,,,,,,,,,
2020_2021,2021_04,4,McBryde,56,232,,,,,,,,,,,,,,,,,,,,
2020_2021,2021_05,5,McBryde,53,246,,,,,,,,,,,,,,,,,,,,
2020_2021,2021_06,6,McBryde,45,252,,,,,,,,,,,,,,,,,,,,
2020_2021,2021_07,7,McBryde,119,260,,,,,,,,,,,,,,,,,,,,
2020_2021,2021_08,8,McBryde,67,260,,,,,,,,,,,,,,,,,,,,
2020_2021,2021_09,9,McBryde,70,259,,,,,,,,,,,,,,,,,,,,
2017_2018,2017_10,10,Nounou,222,239,,,,,,,,,,,,,,,,,,,,
2017_2018,2017_11,11,Nounou,140,224,,,,,,,,,,,,,,,,,,,,
2017_2018,2017_12,12,Nounou,58,201,,,,,,,,,,,,,,,,,,,,
2017_2018,2018_01,1,Nounou,61,213,,,,,,,,,,,,,,,,,,,,
2017_2018,2018_02,2,Nounou,312,206,,,,,,,,,,,,,,,,,,,,
2017_2018,2018_03,3,Nounou,304,207,,,,,,,,,,,,,,,,,,,,
2017_2018,2018_04,4,Nounou,380,220,,,,,,,,,,,,,,,,,,,,
2017_2018,2018_05,5,Nounou,97,224,,,,,,,,,,,,,,,,,,,,
2017_2018,2018_06,6,Nounou,126,241,,,,,,,,,,,,,,,,,,,,
2017_2018,2018_07,7,Nounou,122,249,,,,,,,,,,,,,,,,,,,,
2017_2018,2018_08,8,Nounou,304,251,,,,,,,,,,,,,,,,,,,,
2017_2018,2018_09,9,Nounou,155,247,,,,,,,,,,,,,,,,,,,,
2018_2019,2018_10,10,Nounou,157,244,,,,,,,,,,,,,,,,,,,,
2018_2019,2018_11,11,Nounou,152,234,,,,,,,,,,,,,,,,,,,,
2018_2019,2018_12,12,Nounou,236,220,,,,,,,,,,,,,,,,,,,,
2018_2019,2019_01,1,Nounou,40,214,,,,,,,,,,,,,,,,,,,,
2018_2019,2019_02,2,Nounou,192,199,,,,,,,,,,,,,,,,,,,,
2018_2019,2019_03,3,Nounou,93,207,,,,,,,,,,,,,,,,,,,,
2018_2019,2019_04,4,Nounou,98,226,,,,,,,,,,,,,,,,,,,,
2018_2019,2019_05,5,Nounou,76,234,,,,,,,,,,,,,,,,,,,,
2018_2019,2019_06,6,Nounou,192,249,,,,,,,,,,,,,,,,,,,,
2018_2019,2019_07,7,Nounou,86,255,,,,,,,,,,,,,,,,,,,,
2018_2019,2019_08,8,Nounou,135,259,,,,,,,,,,,,,,,,,,,,
2018_2019,2019_09,9,Nounou,120,261,,,,,,,,,,,,,,,,,,,,
2019_2020,2019_10,10,Nounou,190,249,,,,,,,,,,,,,,,,,,,,
2019_2020,2019_11,11,Nounou,222,240,,,,,,,,,,,,,,,,,,,,
2019_2020,2019_12,12,Nounou,304,232,,,,,,,,,,,,,,,,,,,,
2019_2020,2020_01,1,Nounou,94,222,,,,,,,,,,,,,,,,,,,,
2019_2020,2020_02,2,Nounou,171,214,,,,,,,,,,,,,,,,,,,,
2019_2020,2020_03,3,Nounou,406,217,,,,,,,,,,,,,,,,,,,,
2019_2020,2020_04,4,Nounou,74,225,,,,,,,,,,,,,,,,,,,,
2019_2020,2020_05,5,Nounou,80,233,,,,,,,,,,,,,,,,,,,,
2019_2020,2020_06,6,Nounou,66,246,,,,,,,,,,,,,,,,,,,,
2019_2020,2020_07,7,Nounou,204,249,,,,,,,,,,,,,,,,,,,,
2019_2020,2020_08,8,Nounou,64,254,,,,,,,,,,,,,,,,,,,,
2019_2020,2020_09,9,Nounou,86,254,,,,,,,,,,,,,,,,,,,,
2020_2021,2020_10,10,Nounou,94,245,,,,,,,,,,,,,,,,,,,,
2020_2021,2020_11,11,Nounou,249,238,,,,,,,,,,,,,,,,,,,,
2020_2021,2020_12,12,Nounou,80,229,,,,,,,,,,,,,,,,,,,,
2020_2021,2021_01,1,Nounou,140,224,,,,,,,,,,,,,,,,,,,,
2020_2021,2021_02,2,Nounou,150,215,,,,,,,,,,,,,,,,,,,,
2020_2021,2021_03,3,Nounou,489,216,,,,,,,,,,,,,,,,,,,,
2020_2021,2021_04,4,Nounou,62,220,,,,,,,,,,,,,,,,,,,,
2020_2021,2021_05,5,Nounou,62,234,,,,,,,,,,,,,,,,,,,,
2020_2021,2021_06,6,Nounou,103,240,,,,,,,,,,,,,,,,,,,,
2020_2021,2021_07,7,Nounou,131,248,,,,,,,,,,,,,,,,,,,,
2020_2021,2021_08,8,Nounou,76,248,,,,,,,,,,,,,,,,,,,,
2020_2021,2021_09,9,Nounou,88,246,,,,,,,,,,,,,,,,,,,,
2017_2018,2017_10,10,PuuKolo,356,219,,,,,,,,,,,,,,,,,,,,
2017_2018,2017_11,11,PuuKolo,235,206,,,,,,,,,,,,,,,,,,,,
2017_2018,2017_12,12,PuuKolo,81,183,,,,,,,,,,,,,,,,,,,,
2017_2018,2018_01,1,PuuKolo,99,193,,,,,,,,,,,,,,,,,,,,
2017_2018,2018_02,2,PuuKolo,456,187,,,,,,,,,,,,,,,,,,,,
2017_2018,2018_03,3,PuuKolo,381,188,,,,,,,,,,,,,,,,,,,,
2017_2018,2018_04,4,PuuKolo,377,201,,,,,,,,,,,,,,,,,,,,
2017_2018,2018_05,5,PuuKolo,205,204,,,,,,,,,,,,,,,,,,,,
2017_2018,2018_06,6,PuuKolo,311,220,,,,,,,,,,,,,,,,,,,,
2017_2018,2018_07,7,PuuKolo,229,228,,,,,,,,,,,,,,,,,,,,
2017_2018,2018_08,8,PuuKolo,723,231,,,,,,,,,,,,,,,,,,,,
2017_2018,2018_09,9,PuuKolo,323,227,,,,,,,,,,,,,,,,,,,,
2018_2019,2018_10,10,PuuKolo,211,224,,,,,,,,,,,,,,,,,,,,
2018_2019,2018_11,11,PuuKolo,207,212,,,,,,,,,,,,,,,,,,,,
2018_2019,2018_12,12,PuuKolo,275,199,,,,,,,,,,,,,,,,,,,,
2018_2019,2019_01,1,PuuKolo,33,194,,,,,,,,,,,,,,,,,,,,
2018_2019,2019_02,2,PuuKolo,218,180,,,,,,,,,,,,,,,,,,,,
2018_2019,2019_03,3,PuuKolo,115,187,,,,,,,,,,,,,,,,,,,,
2018_2019,2019_04,4,PuuKolo,173,207,,,,,,,,,,,,,,,,,,,,
2018_2019,2019_05,5,PuuKolo,119,215,,,,,,,,,,,,,,,,,,,,
2018_2019,2019_06,6,PuuKolo,369,228,,,,,,,,,,,,,,,,,,,,
2018_2019,2019_07,7,PuuKolo,163,235,,,,,,,,,,,,,,,,,,,,
2018_2019,2019_08,8,PuuKolo,165,239,,,,,,,,,,,,,,,,,,,,
2018_2019,2019_09,9,PuuKolo,356,240,,,,,,,,,,,,,,,,,,,,
2019_2020,2019_10,10,PuuKolo,277,230,,,,,,,,,,,,,,,,,,,,
2019_2020,2019_11,11,PuuKolo,230,222,,,,,,,,,,,,,,,,,,,,
2019_2020,2019_12,12,PuuKolo,497,213,,,,,,,,,,,,,,,,,,,,
2019_2020,2020_01,1,PuuKolo,178,203,,,,,,,,,,,,,,,,,,,,
2019_2020,2020_02,2,PuuKolo,149,195,,,,,,,,,,,,,,,,,,,,
2019_2020,2020_03,3,PuuKolo,737,198,,,,,,,,,,,,,,,,,,,,
2019_2020,2020_04,4,PuuKolo,160,206,,,,,,,,,,,,,,,,,,,,
2019_2020,2020_05,5,PuuKolo,131,214,,,,,,,,,,,,,,,,,,,,
2019_2020,2020_06,6,PuuKolo,132,225,,,,,,,,,,,,,,,,,,,,
2019_2020,2020_07,7,PuuKolo,522,228,,,,,,,,,,,,,,,,,,,,
2019_2020,2020_08,8,PuuKolo,152,232,,,,,,,,,,,,,,,,,,,,
2019_2020,2020_09,9,PuuKolo,133,231,,,,,,,,,,,,,,,,,,,,
2020_2021,2020_10,10,PuuKolo,158,224,,,,,,,,,,,,,,,,,,,,
2020_2021,2020_11,11,PuuKolo,380,218,,,,,,,,,,,,,,,,,,,,
2020_2021,2020_12,12,PuuKolo,130,211,,,,,,,,,,,,,,,,,,,,
2020_2021,2021_01,1,PuuKolo,140,205,,,,,,,,,,,,,,,,,,,,
2020_2021,2021_02,2,PuuKolo,236,196,,,,,,,,,,,,,,,,,,,,
2020_2021,2021_03,3,PuuKolo,887,197,,,,,,,,,,,,,,,,,,,,
2020_2021,2021_04,4,PuuKolo,119,201,,,,,,,,,,,,,,,,,,,,
2020_2021,2021_05,5,PuuKolo,130,215,,,,,,,,,,,,,,,,,,,,
2020_2021,2021_06,6,PuuKolo,176,221,,,,,,,,,,,,,,,,,,,,
2020_2021,2021_07,7,PuuKolo,299,230,,,,,,,,,,,,,,,,,,,,
2020_2021,2021_08,8,PuuKolo,179,229,,,,,,,,,,,,,,,,,,,,
2020_2021,2021_09,9,PuuKolo,172,228,,,,,,,,,,,,,,,,,,,,
2017_2018,2017_10,10,UpperLimahuli,308,191,,,,,,,,,,,,,,,,,,,,
2017_2018,2017_11,11,UpperLimahuli,390,179,,,,,,,,,,,,,,,,,,,,
2017_2018,2017_12,12,UpperLimahuli,206,159,,,,,,,,,,,,,,,,,,,,
2017_2018,2018_01,1,UpperLimahuli,108,166,,,,,,,,,,,,,,,,,,,,
2017_2018,2018_02,2,UpperLimahuli,529,160,,,,,,,,,,,,,,,,,,,,
2017_2018,2018_03,3,UpperLimahuli,303,161,,,,,,,,,,,,,,,,,,,,
2017_2018,2018_04,4,UpperLimahuli,1134,173,,,,,,,,,,,,,,,,,,,,
2017_2018,2018_05,5,UpperLimahuli,263,176,,,,,,,,,,,,,,,,,,,,
2017_2018,2018_06,6,UpperLimahuli,283,190,,,,,,,,,,,,,,,,,,,,
2017_2018,2018_07,7,UpperLimahuli,284,199,,,,,,,,,,,,,,,,,,,,
2017_2018,2018_08,8,UpperLimahuli,769,201,,,,,,,,,,,,,,,,,,,,
2017_2018,2018_09,9,UpperLimahuli,424,198,,,,,,,,,,,,,,,,,,,,
2018_2019,2018_10,10,UpperLimahuli,191,196,,,,,,,,,,,,,,,,,,,,
2018_2019,2018_11,11,UpperLimahuli,429,182,,,,,,,,,,,,,,,,,,,,
2018_2019,2018_12,12,UpperLimahuli,388,169,,,,,,,,,,,,,,,,,,,,
2018_2019,2019_01,1,UpperLimahuli,111,165,,,,,,,,,,,,,,,,,,,,
2018_2019,2019_02,2,UpperLimahuli,553,153,,,,,,,,,,,,,,,,,,,,
2018_2019,2019_03,3,UpperLimahuli,251,160,,,,,,,,,,,,,,,,,,,,
2018_2019,2019_04,4,UpperLimahuli,294,179,,,,,,,,,,,,,,,,,,,,
2018_2019,2019_05,5,UpperLimahuli,125,187,,,,,,,,,,,,,,,,,,,,
2018_2019,2019_06,6,UpperLimahuli,127,199,,,,,,,,,,,,,,,,,,,,
2018_2019,2019_07,7,UpperLimahuli,155,206,,,,,,,,,,,,,,,,,,,,
2018_2019,2019_08,8,UpperLimahuli,182,210,,,,,,,,,,,,,,,,,,,,
2018_2019,2019_09,9,UpperLimahuli,261,209,,,,,,,,,,,,,,,,,,,,
2019_2020,2019_10,10,UpperLimahuli,237,202,,,,,,,,,,,,,,,,,,,,
2019_2020,2019_11,11,UpperLimahuli,405,195,,,,,,,,,,,,,,,,,,,,
2019_2020,2019_12,12,UpperLimahuli,443,185,,,,,,,,,,,,,,,,,,,,
2019_2020,2020_01,1,UpperLimahuli,206,176,,,,,,,,,,,,,,,,,,,,
2019_2020,2020_02,2,UpperLimahuli,373,167,,,,,,,,,,,,,,,,,,,,
2019_2020,2020_03,3,UpperLimahuli,1096,171,,,,,,,,,,,,,,,,,,,,
2019_2020,2020_04,4,UpperLimahuli,161,178,,,,,,,,,,,,,,,,,,,,
2019_2020,2020_05,5,UpperLimahuli,146,187,,,,,,,,,,,,,,,,,,,,
2019_2020,2020_06,6,UpperLimahuli,96,194,,,,,,,,,,,,,,,,,,,,
2019_2020,2020_07,7,UpperLimahuli,537,198,,,,,,,,,,,,,,,,,,,,
2019_2020,2020_08,8,UpperLimahuli,154,200,,,,,,,,,,,,,,,,,,,,
2019_2020,2020_09,9,UpperLimahuli,97,199,,,,,,,,,,,,,,,,,,,,
2020_2021,2020_10,10,UpperLimahuli,121,194,,,,,,,,,,,,,,,,,,,,
2020_2021,2020_11,11,UpperLimahuli,384,189,,,,,,,,,,,,,,,,,,,,
2020_2021,2020_12,12,UpperLimahuli,150,184,,,,,,,,,,,,,,,,,,,,
2020_2021,2021_01,1,UpperLimahuli,329,177,,,,,,,,,,,,,,,,,,,,
2020_2021,2021_02,2,UpperLimahuli,350,169,,,,,,,,,,,,,,,,,,,,
2020_2021,2021_03,3,UpperLimahuli,1319,170,,,,,,,,,,,,,,,,,,,,
2020_2021,2021_04,4,UpperLimahuli,122,173,,,,,,,,,,,,,,,,,,,,
2020_2021,2021_05,5,UpperLimahuli,139,189,,,,,,,,,,,,,,,,,,,,
2020_2021,2021_06,6,UpperLimahuli,156,195,,,,,,,,,,,,,,,,,,,,
2020_2021,2021_07,7,UpperLimahuli,259,204,,,,,,,,,,,,,,,,,,,,
2020_2021,2021_08,8,UpperLimahuli,183,202,,,,,,,,,,,,,,,,,,,,
2020_2021,2021_09,9,UpperLimahuli,125,202,,,,,,,,,,,,,,,,,,,,